prompt
"After spending several months studying abroad in Spain, I returned home with a newfound appreciation for the Spanish language and culture."
"Despite the fact that I had saved up 100.000 USD, I still found it difficult to afford a house in the city."
"When I was a child, my grandparents would take me on long walks through the countryside, and those memories are still some of my most cherished."
"After years of working in the corporate world, I decided to start my own business, and I've never looked back."
The ancient ruins we visited in Rome were so awe-inspiring that I found myself speechless.
"Despite the fact that I had been practicing for months, my piano recital was a disaster, and I was humiliated."
"When I traveled to Thailand, I was amazed by the beauty and serenity of the Buddhist temples."
"My grandmother's estate, which had been passed down through several generations of our family, was the site of many cherished family gatherings."
"When I was a student, I spent a semester studying abroad in France, and it was one of the most enriching experiences of my life."
"After my grandfather passed away, my family and I spent weeks going through his belongings and reminiscing about his life."
"After years of saving, my husband and I were finally able to purchase our dream home in the suburbs."
"When I visited Japan, I was amazed by the efficiency and cleanliness of the public transportation system."
The art museum we visited in Paris was so vast and impressive that we spent an entire day exploring it.
"When I visited Australia, I was struck by the vastness and diversity of the landscape, from the bustling cities to the vast outback."
"The White House is located in Washington, D.C."
I need to exchange dollars for euros before I travel to Europe.
The exchange rate between the pound and the euro is favorable.
"As a child, I used to spend my summers at my grandparents' farm, and those days are some of my most cherished memories."
"After years of working for a multinational corporation, I decided to quit my job and travel the world."
"My sister's wedding was held in a historic castle in Scotland, and it was a truly unforgettable experience."
"I recently invested in a promising startup company, and I'm hoping it will bring me significant financial gains in the long run."
"When I was in college, I spent a semester studying abroad in China, and it was an eye-opening experience."
"My great-grandfather fought in World War II, and his stories about the war have been passed down through the generations of our family."
"After months of searching, I finally found the perfect apartment in the heart of the city, and I couldn't be happier with my choice."
"My best friend and I have been planning a trip to South America for years, and we're finally going to make it happen this summer."
"My parents own a small motel in a charming seaside town, and they've been running it for over 20 years."
"I recently inherited a large sum of money from a distant relative, and I'm still figuring out the best way to invest it."
My brother and I decided to take a road trip across the United States during the summer after we graduated from college.
"While I was living in London, I discovered a small cafe on a side street that quickly became my favorite spot to have tea and read a book."
"As a child, my family would spend every Thanksgiving at my aunt and uncle's house, where we would feast on turkey and all the fixings."
"After years of saving up, I finally took the trip of a lifetime to Southeast Asia, where I explored the bustling streets of Bangkok and the tranquil beaches of Bali."
"When I was a teenager, my grandfather taught me how to play chess, and it quickly became one of my favorite pastimes."
"Despite the fact that I was nervous, I decided to try bungee jumping for the first time on my trip to New Zealand."
"My best friend and I have been planning a backpacking trip through Europe for months, and we can't wait to explore all of the different cultures and cuisines."
"When I visited Japan, I was amazed by the traditional architecture of the temples and shrines, and the peacefulness of the gardens."
"After years of working in the finance industry, I decided to take a leap of faith and pursue my dream of becoming a writer."
"My grandmother was a talented seamstress, and she taught me how to sew when I was young, which sparked a lifelong passion for fashion and design."
"During my visit to Tokyo last year, I was amazed by the city's modernity and technology, especially the high-speed trains that made getting around so convenient."
"After graduating from college, John Smith decided to take a year off to travel around Europe and explore different cultures."
"When I visited New York City for the first time, I was blown away by the towering skyscrapers and the bustling crowds of people."
"After spending several weeks in Southeast Asia, I gained a new appreciation for the region's diverse cultures and cuisines."
"During my stay in London, I had the opportunity to visit several of the city's famous museums and galleries, including the British Museum and the National Gallery."
"When I was a child, my family used to go camping in the mountains every summer, and those memories are some of the happiest and most cherished of my life."
"After years of working in finance, Sarah Jones decided to quit her job and start her own business, which she now runs successfully."
"When I traveled to Brazil, I was struck by the country's natural beauty, from the lush rainforests to the sandy beaches and crystal-clear waters."
"Despite the fact that I had been studying Spanish for years, I found it challenging to communicate with the locals when I traveled to Madrid for the first time."
"After the unexpected death of her father, Emily Johnson spent several months going through his belongings and reflecting on his life."
John lives in New York City.
"Tomorrow is Monday, and I have a meeting at 10 AM."
My sister works at the hospital downtown.
The concert is on Friday night at Madison Square Garden.
My flight to Los Angeles leaves at 6 PM.
My boss is out of the office until Wednesday.
I went to the beach last weekend.
The restaurant is closed on Sundays.
I need to book a hotel for my trip to London next month.
The Eiffel Tower is one of the most iconic landmarks in Paris.
My flight to Tokyo leaves at midnight.
I love listening to music.
We went for a walk in the park and saw some beautiful flowers.
"The weather is really nice, so I might go for a run."
I have been practicing meditation.
"This book is really interesting, I can't put it down."
"Cooking is one of my favorite hobbies, I love trying out new recipes."
"I've been trying to learn a new language, but it's been challenging."
